"DESCRIPTION","DURATION IN MS","NAME","PARENT SUITE","START TIME","STATUS","STOP TIME","SUB SUITE","SUITE","TEST CLASS","TEST METHOD"
"","393","Example #1","BDD","Mon Mar 02 00:27:32 UTC 2026","passed","Mon Mar 02 00:27:33 UTC 2026","Home Page Background Color > Change background color","../.features-gen/e2e/features/home.feature.spec.js","",""
"","24","GET /api/colors/Red should return the correct hex code","Chrome","Mon Mar 02 00:27:35 UTC 2026","passed","Mon Mar 02 00:27:35 UTC 2026","Backend API Integration","tests/api.spec.ts","",""
"","265","Example #3","BDD","Mon Mar 02 00:27:33 UTC 2026","passed","Mon Mar 02 00:27:33 UTC 2026","Home Page Background Color > Change background color","../.features-gen/e2e/features/home.feature.spec.js","",""
"","590","homepage should match snapshot","Chrome","Mon Mar 02 00:29:08 UTC 2026","passed","Mon Mar 02 00:29:08 UTC 2026","Visual Regression","tests/visual.spec.ts","",""
"","357","should load the application and verify core functionality across browsers","Chrome","Mon Mar 02 00:27:37 UTC 2026","passed","Mon Mar 02 00:27:37 UTC 2026","Cross-Browser Core Functionality","tests/cross-browser.spec.ts","",""
"","374","verify Turquoise ( #1abc9c ) is applied as the background color","Chrome","Mon Mar 02 00:27:40 UTC 2026","passed","Mon Mar 02 00:27:40 UTC 2026","POM Refactored: Background color tests","tests/pom-refactored.spec.ts","",""
"","538","changing color to Red should reflect in UI and DOM","Chrome","Mon Mar 02 00:27:38 UTC 2026","passed","Mon Mar 02 00:27:38 UTC 2026","Data-Driven Testing","tests/data-driven.spec.ts","",""
"","282","Example #2","BDD","Mon Mar 02 00:27:33 UTC 2026","passed","Mon Mar 02 00:27:33 UTC 2026","Home Page Background Color > Change background color","../.features-gen/e2e/features/home.feature.spec.js","",""
"","1042","should maintain accessibility in el language and verify resilient locators","Chrome","Mon Mar 02 00:27:40 UTC 2026","passed","Mon Mar 02 00:27:41 UTC 2026","i18n Accessibility Tests","tests/a11y.spec.ts","",""
"","384","changing color to Yellow should reflect in UI and DOM","Chrome","Mon Mar 02 00:27:38 UTC 2026","passed","Mon Mar 02 00:27:39 UTC 2026","Data-Driven Testing","tests/data-driven.spec.ts","",""
"","284","should render correctly on mobile viewport","Chrome","Mon Mar 02 00:29:09 UTC 2026","failed","Mon Mar 02 00:29:09 UTC 2026","Responsive Design Testing","tests/visual.spec.ts","",""
"","17","GET /api/colors/Yellow should return the correct hex code","Chrome","Mon Mar 02 00:27:35 UTC 2026","passed","Mon Mar 02 00:27:36 UTC 2026","Backend API Integration","tests/api.spec.ts","",""
"","42","GET /api/colors/Turquoise should return the correct hex code","Chrome","Mon Mar 02 00:27:35 UTC 2026","passed","Mon Mar 02 00:27:35 UTC 2026","Backend API Integration","tests/api.spec.ts","",""
"","443","verify Red ( #e74c3c ) is applied as the background color","Chrome","Mon Mar 02 00:27:40 UTC 2026","passed","Mon Mar 02 00:27:41 UTC 2026","POM Refactored: Background color tests","tests/pom-refactored.spec.ts","",""
"","339","verify Turquoise ( #1abc9c ) is applied as the background color","Chrome","Mon Mar 02 00:27:36 UTC 2026","passed","Mon Mar 02 00:27:36 UTC 2026","Background color tests","tests/coverage.spec.ts","",""
"","1075","should maintain accessibility in en language and verify resilient locators","Chrome","Mon Mar 02 00:27:38 UTC 2026","passed","Mon Mar 02 00:27:39 UTC 2026","i18n Accessibility Tests","tests/a11y.spec.ts","",""
"","333","check Turquoise ( #1abc9c) is the default background color.","Chrome","Mon Mar 02 00:27:36 UTC 2026","passed","Mon Mar 02 00:27:36 UTC 2026","","tests/coverage.spec.ts","",""
"","333","should handle missing image gracefully by showing alt text","Chrome","Mon Mar 02 00:27:39 UTC 2026","passed","Mon Mar 02 00:27:39 UTC 2026","Network Mocking & Interception","tests/network-mocking.spec.ts","",""
"","344","should display colors that do not exist in the database","Chrome","Mon Mar 02 00:27:39 UTC 2026","passed","Mon Mar 02 00:27:39 UTC 2026","Network Mocking & Interception","tests/network-mocking.spec.ts","",""
"","1474","should load the application and verify core functionality across browsers","Firefox","Mon Mar 02 00:27:41 UTC 2026","passed","Mon Mar 02 00:27:43 UTC 2026","Cross-Browser Core Functionality","tests/cross-browser.spec.ts","",""
"","1028","should not have any automatically detectable accessibility issues","Chrome","Mon Mar 02 00:27:35 UTC 2026","passed","Mon Mar 02 00:27:36 UTC 2026","Accessibility Tests","tests/a11y.spec.ts","",""
"","882","should maintain accessibility in es language and verify resilient locators","Chrome","Mon Mar 02 00:27:39 UTC 2026","passed","Mon Mar 02 00:27:40 UTC 2026","i18n Accessibility Tests","tests/a11y.spec.ts","",""
"","353","should gracefully handle a color not found in the database","Chrome","Mon Mar 02 00:27:39 UTC 2026","passed","Mon Mar 02 00:27:40 UTC 2026","Network Mocking & Interception","tests/network-mocking.spec.ts","",""
"","332","verify Yellow ( #f1c40f ) is applied as the background color","Chrome","Mon Mar 02 00:27:37 UTC 2026","passed","Mon Mar 02 00:27:37 UTC 2026","Background color tests","tests/coverage.spec.ts","",""
"","351","verify Red ( #e74c3c ) is applied as the background color","Chrome","Mon Mar 02 00:27:36 UTC 2026","passed","Mon Mar 02 00:27:37 UTC 2026","Background color tests","tests/coverage.spec.ts","",""
"","4719","should load the application and verify core functionality across browsers","WebKit","Mon Mar 02 00:27:42 UTC 2026","passed","Mon Mar 02 00:27:47 UTC 2026","Cross-Browser Core Functionality","tests/cross-browser.spec.ts","",""
"","986","should maintain accessibility after state change (color update)","Chrome","Mon Mar 02 00:27:37 UTC 2026","passed","Mon Mar 02 00:27:38 UTC 2026","Accessibility Tests","tests/a11y.spec.ts","",""
"","313","changing color to Turquoise should reflect in UI and DOM","Chrome","Mon Mar 02 00:27:37 UTC 2026","passed","Mon Mar 02 00:27:38 UTC 2026","Data-Driven Testing","tests/data-driven.spec.ts","",""
"","414","verify Yellow ( #f1c40f ) is applied as the background color","Chrome","Mon Mar 02 00:27:41 UTC 2026","passed","Mon Mar 02 00:27:41 UTC 2026","POM Refactored: Background color tests","tests/pom-refactored.spec.ts","",""
